0,1,2
true,Chapita identificadora,Dispensador de Bolsas para Desechos de Mascotas + Repuesto
true,Collar con Chapita,"PetGroomer 3 en 1: Cepillo, Quitapelos y Masajeador para Mascotas"
false,Collar,EasyClean Cepillo para Mascotas con Cabezal Mecánico
false,Capita,Juguete Gato Oruga Vibradora
false,Correas largas,Rodillo Quita Pelusa
false,Pechera y Gato,Collar de Batman Gato
false,Chapitas identificadoras,Collar de Peñarol Gato
false,Plato,Collar de Nacional Gato
false,Chapita remachada,Collar de Barbie Gato
false,Collar y Estrellitas,Collar de Mujer Maravilla Gato
false,Juguete dental perros,Collar de Superman Gato
false,Juguete,Collar de Spider-Man Gato
false,Promo,Pala Gato Con Depósito Para Popó
false,PROMO,Plato Come Lento
false,Collar de Gato con Chapita,Bolsa x 12 Para Desechos Perros Gatos
false,Tag de Acero,Deslanador Profesional para Mascota Máxima Seguridad
false,Bolso,Cubre Asiento de Auto Impermeable para Perro
false,Pelota rugby,Cama Para Gatos 60 cm
false,Correa,Perfume Perro Gato Equilibrium Carolina Herrera
false,Correa redonda mango acolchonado,Perfume Perro Gato Latitude Paco Rabanne
false,Chapita identificadora x,Shampoo Líquido para Cachorros Ibasa 500ml Único
false,Juguete pelota maciza,Shampoo Líquido para Perros Ibasa 500ml Único
false,,Shampoo Líquido para Gatos Ibasa 500ml Único
false,,Antiparasitario Interno Vermibal Tableta x10
false,,Alfombrilla GRANDE para lamer perros y gatos Lick Mat
false,,Alfombrilla CHICA para lamer perros y gatos Lick Mat
false,,Juguete mancuerna
false,,Juguete Hueso Macizo
false,,Botella portatil acero roja
false,,Pala recolectora plástica Perro
false,,PRUEBA
false,,Juguete gato con dispensador
false,,Juguete Láser Para Gatos
false,,Ratón Vibrador Juguete Gato
false,,Peine a Vapor Perro y Gato
